,date,temperature_2m,wind_speed_100m,wind_direction_100m
0,2025-10-01 06:00:00+00:00,13.554501,15.210799,320.28128
1,2025-10-01 07:00:00+00:00,13.3545,11.964246,315.0001
2,2025-10-01 08:00:00+00:00,13.2545,9.178235,311.82007
3,2025-10-01 09:00:00+00:00,12.7545,9.252069,307.09293
4,2025-10-01 10:00:00+00:00,12.304501,8.435069,309.8055
5,2025-10-01 11:00:00+00:00,11.5045,7.928177,309.47244
6,2025-10-01 12:00:00+00:00,12.4045,8.891344,338.6293
7,2025-10-01 13:00:00+00:00,12.1045,8.55142,329.65683
8,2025-10-01 14:00:00+00:00,13.1545,8.528657,315.855
9,2025-10-01 15:00:00+00:00,14.554501,5.8603754,312.5104
10,2025-10-01 16:00:00+00:00,15.9045,4.1046314,322.12494
11,2025-10-01 17:00:00+00:00,17.8045,4.6452556,324.46225
12,2025-10-01 18:00:00+00:00,19.4545,3.5455887,336.0375
13,2025-10-01 19:00:00+00:00,21.1045,1.8532133,330.9455
14,2025-10-01 20:00:00+00:00,21.9545,6.601363,11.003508
15,2025-10-01 21:00:00+00:00,22.5045,6.162207,353.29025
16,2025-10-01 22:00:00+00:00,22.4545,10.304115,340.6154
17,2025-10-01 23:00:00+00:00,21.654501,14.73913,331.55716
18,2025-10-02 00:00:00+00:00,17.5045,7.2,180.0
19,2025-10-02 01:00:00+00:00,16.9545,12.906138,8.017007
20,2025-10-02 02:00:00+00:00,16.0045,15.646544,336.9745
21,2025-10-02 03:00:00+00:00,15.554501,14.423605,330.87604
22,2025-10-02 04:00:00+00:00,15.3545,13.776763,342.5119
23,2025-10-02 05:00:00+00:00,15.1045,16.208996,358.09088
24,2025-10-02 06:00:00+00:00,14.1045,16.459913,346.72357
25,2025-10-02 07:00:00+00:00,13.7045,14.572219,342.01257
26,2025-10-02 08:00:00+00:00,13.6545,13.060857,330.25522
27,2025-10-02 09:00:00+00:00,13.804501,11.038858,335.94266
28,2025-10-02 10:00:00+00:00,13.9045,10.9859,1.8778423
29,2025-10-02 11:00:00+00:00,13.6545,14.357185,7.926835
30,2025-10-02 12:00:00+00:00,13.2045,11.722133,3.5213907
31,2025-10-02 13:00:00+00:00,13.1045,11.609651,352.87506
32,2025-10-02 14:00:00+00:00,14.1045,12.503199,6.613376
33,2025-10-02 15:00:00+00:00,15.3545,11.272657,19.592375
34,2025-10-02 16:00:00+00:00,17.1045,8.149847,30.529623
35,2025-10-02 17:00:00+00:00,19.0045,6.279395,27.29949
36,2025-10-02 18:00:00+00:00,19.9545,9.0018,358.85425
37,2025-10-02 19:00:00+00:00,20.5045,10.4166975,350.04944
38,2025-10-02 20:00:00+00:00,21.654501,10.98,360.0
39,2025-10-02 21:00:00+00:00,21.5545,15.767219,341.35812
40,2025-10-02 22:00:00+00:00,21.9545,10.837435,348.50345
41,2025-10-02 23:00:00+00:00,21.7045,11.832176,13.190616
42,2025-10-03 00:00:00+00:00,18.0045,4.2021427,43.26433
43,2025-10-03 01:00:00+00:00,14.2045,11.51578,204.96275
44,2025-10-03 02:00:00+00:00,14.2045,11.276968,261.74066
45,2025-10-03 03:00:00+00:00,15.054501,11.545284,329.03632
46,2025-10-03 04:00:00+00:00,14.2545,12.346741,7.5393586
47,2025-10-03 05:00:00+00:00,14.554501,15.048042,6.8699045
48,2025-10-03 06:00:00+00:00,14.1045,16.840345,349.53088
49,2025-10-03 07:00:00+00:00,14.0045,16.029097,347.68057
50,2025-10-03 08:00:00+00:00,13.9045,12.96125,332.72333
51,2025-10-03 09:00:00+00:00,13.7545,13.040997,333.7887
52,2025-10-03 10:00:00+00:00,13.5045,14.944336,350.99158
53,2025-10-03 11:00:00+00:00,13.3545,15.484185,358.66782
54,2025-10-03 12:00:00+00:00,13.7045,9.854075,350.53775
55,2025-10-03 13:00:00+00:00,13.7545,10.564941,346.2005
56,2025-10-03 14:00:00+00:00,14.2045,11.793777,344.05453
57,2025-10-03 15:00:00+00:00,15.6545,11.542478,3.5762644
58,2025-10-03 16:00:00+00:00,17.3045,11.052058,16.073652
59,2025-10-03 17:00:00+00:00,19.0045,8.099999,360.0
60,2025-10-03 18:00:00+00:00,20.2545,6.5520988,339.07544
61,2025-10-03 19:00:00+00:00,21.1045,7.891311,315.0001
62,2025-10-03 20:00:00+00:00,22.2045,8.893166,324.0578
63,2025-10-03 21:00:00+00:00,21.904501,7.970972,334.59232
64,2025-10-03 22:00:00+00:00,20.7045,13.948548,340.3958
65,2025-10-03 23:00:00+00:00,19.4545,21.053844,352.63205
66,2025-10-04 00:00:00+00:00,17.904501,19.161337,334.39786
67,2025-10-04 01:00:00+00:00,17.3545,18.687086,339.1209
68,2025-10-04 02:00:00+00:00,16.404501,14.068817,356.33228
69,2025-10-04 03:00:00+00:00,15.6045,17.262177,348.57294
70,2025-10-04 04:00:00+00:00,15.2545,14.887859,345.29166
71,2025-10-04 05:00:00+00:00,14.7045,11.983188,327.26477
72,2025-10-04 06:00:00+00:00,13.7045,13.8049555,320.29013
73,2025-10-04 07:00:00+00:00,13.3545,11.48761,324.5666
74,2025-10-04 08:00:00+00:00,13.1045,10.337078,324.92618
75,2025-10-04 09:00:00+00:00,12.6045,9.614426,321.8427
76,2025-10-04 10:00:00+00:00,12.304501,10.04458,323.74606
77,2025-10-04 11:00:00+00:00,12.1045,9.339208,332.44727
78,2025-10-04 12:00:00+00:00,12.5045,8.467655,357.5634
79,2025-10-04 13:00:00+00:00,12.4545,6.379216,16.389616
80,2025-10-04 14:00:00+00:00,12.9045,5.6835546,349.04596
81,2025-10-04 15:00:00+00:00,13.7545,3.8141315,289.29013
82,2025-10-04 16:00:00+00:00,15.554501,3.06,270.0
83,2025-10-04 17:00:00+00:00,17.5045,2.0523157,232.12495
84,2025-10-04 18:00:00+00:00,18.8045,3.0652895,176.6336
85,2025-10-04 19:00:00+00:00,19.8045,5.04,180.0
86,2025-10-04 20:00:00+00:00,19.3545,13.3649235,224.4544
87,2025-10-04 21:00:00+00:00,18.7545,11.578912,258.34073
88,2025-10-04 22:00:00+00:00,19.5045,8.905908,284.03625
89,2025-10-04 23:00:00+00:00,18.5045,7.519175,312.08908
90,2025-10-05 00:00:00+00:00,15.7545,13.213764,155.87901
91,2025-10-05 01:00:00+00:00,15.3545,2.5264204,85.91447
92,2025-10-05 02:00:00+00:00,14.4045,7.5170207,16.699326
93,2025-10-05 03:00:00+00:00,14.5045,0.6489992,326.3099
94,2025-10-05 04:00:00+00:00,14.1045,5.1544156,192.09474
95,2025-10-05 05:00:00+00:00,14.054501,4.7928696,235.71307
96,2025-10-05 06:00:00+00:00,13.4045,5.1197267,169.8754
97,2025-10-05 07:00:00+00:00,13.3545,4.1046314,232.12495
98,2025-10-05 08:00:00+00:00,12.9545,0.5091169,315.0001
99,2025-10-05 09:00:00+00:00,12.554501,0.6489992,303.6901
100,2025-10-05 10:00:00+00:00,12.2545,0.9178235,348.6901
101,2025-10-05 11:00:00+00:00,11.8545,2.7534704,11.3098955
102,2025-10-05 12:00:00+00:00,12.3545,2.968636,14.036275
103,2025-10-05 13:00:00+00:00,12.3545,4.3349743,41.63345
104,2025-10-05 14:00:00+00:00,13.554501,3.710795,14.036275
105,2025-10-05 15:00:00+00:00,15.3545,0.56920993,18.435053
106,2025-10-05 16:00:00+00:00,17.0045,0.71999997,90.0
107,2025-10-05 17:00:00+00:00,18.3545,3.536439,165.2564
108,2025-10-05 18:00:00+00:00,19.5045,4.514377,175.42616
109,2025-10-05 19:00:00+00:00,20.6045,5.09435,147.99466
110,2025-10-05 20:00:00+00:00,21.2045,10.5234585,192.8477
111,2025-10-05 21:00:00+00:00,19.5545,12.979984,266.82022
112,2025-10-05 22:00:00+00:00,18.4545,9.021574,241.38963
113,2025-10-05 23:00:00+00:00,17.6045,8.311245,265.03033
114,2025-10-06 00:00:00+00:00,15.554501,8.149847,313.2101
115,2025-10-06 01:00:00+00:00,14.5045,2.6758924,340.3461
116,2025-10-06 02:00:00+00:00,14.3545,5.6920996,251.56496
117,2025-10-06 03:00:00+00:00,14.554501,1.9386592,201.80147
118,2025-10-06 04:00:00+00:00,14.1545,2.8116899,50.194473
119,2025-10-06 05:00:00+00:00,13.8545,0.6489992,33.6901
120,2025-10-06 06:00:00+00:00,14.0045,6.502461,318.36655
121,2025-10-06 07:00:00+00:00,13.2045,2.0124612,259.69522
122,2025-10-06 08:00:00+00:00,13.054501,1.6981165,122.00535
123,2025-10-06 09:00:00+00:00,12.7045,6.9527545,248.74942
124,2025-10-06 10:00:00+00:00,12.2545,4.68,270.0
125,2025-10-06 11:00:00+00:00,11.9045,3.4388947,227.12111
126,2025-10-06 12:00:00+00:00,10.9045,5.634891,206.56499
127,2025-10-06 13:00:00+00:00,11.9045,6.299999,216.86998
128,2025-10-06 14:00:00+00:00,13.4545,2.5772078,192.09474
129,2025-10-06 15:00:00+00:00,14.804501,1.8089776,185.7105
130,2025-10-06 16:00:00+00:00,17.0545,3.3043609,119.357666
131,2025-10-06 17:00:00+00:00,19.0545,2.2768397,161.56496
132,2025-10-06 18:00:00+00:00,19.8045,3.8773184,158.19853
133,2025-10-06 19:00:00+00:00,20.6045,6.66,198.92474
134,2025-10-06 20:00:00+00:00,20.154501,13.883356,193.49574
135,2025-10-06 21:00:00+00:00,19.9545,3.319036,220.60121
136,2025-10-06 22:00:00+00:00,21.154501,3.7842832,177.27374
137,2025-10-06 23:00:00+00:00,20.4545,9.746631,175.76369
138,2025-10-07 00:00:00+00:00,17.7045,13.350371,356.1346
139,2025-10-07 01:00:00+00:00,14.7045,4.8965297,323.97253
140,2025-10-07 02:00:00+00:00,14.304501,10.564941,283.7995
141,2025-10-07 03:00:00+00:00,14.3545,8.64,270.0
142,2025-10-07 04:00:00+00:00,13.7545,4.913044,208.44283
143,2025-10-07 05:00:00+00:00,13.2045,3.0652895,93.366394
144,2025-10-07 06:00:00+00:00,14.3545,3.96,360.0
145,2025-10-07 07:00:00+00:00,13.3545,8.049845,349.69522
146,2025-10-07 08:00:00+00:00,13.9545,8.133928,335.13632
147,2025-10-07 09:00:00+00:00,13.804501,6.778141,349.28693
148,2025-10-07 10:00:00+00:00,13.9045,3.671294,11.3098955
149,2025-10-07 11:00:00+00:00,13.9045,3.189608,343.61038
150,2025-10-07 12:00:00+00:00,13.9045,6.889557,303.2749
151,2025-10-07 13:00:00+00:00,13.8545,6.439876,333.43503
152,2025-10-07 14:00:00+00:00,14.4545,7.7420926,324.46225
153,2025-10-07 15:00:00+00:00,15.7545,9.167638,316.5911
154,2025-10-07 16:00:00+00:00,18.0545,9.0018,11.5345955
155,2025-10-07 17:00:00+00:00,19.6045,10.636766,23.962492
156,2025-10-07 18:00:00+00:00,21.5545,7.729527,27.758451
157,2025-10-07 19:00:00+00:00,22.3545,7.7734165,5.3144655
158,2025-10-07 20:00:00+00:00,23.0545,10.483357,15.945477
159,2025-10-07 21:00:00+00:00,22.9545,13.723745,16.771315
160,2025-10-07 22:00:00+00:00,22.6045,15.955151,23.962492
161,2025-10-07 23:00:00+00:00,20.2045,18.584509,8.914849
162,2025-10-08 00:00:00+00:00,16.2545,14.830076,354.4279
163,2025-10-08 01:00:00+00:00,16.4545,18.998314,350.18076
164,2025-10-08 02:00:00+00:00,15.9545,15.978486,345.65063
165,2025-10-08 03:00:00+00:00,16.0545,14.967083,356.55267
166,2025-10-08 04:00:00+00:00,15.4545,17.845436,351.29785
167,2025-10-08 05:00:00+00:00,14.8545,16.048288,336.88577
168,2025-10-08 06:00:00+00:00,14.1545,14.20062,329.53452
169,2025-10-08 07:00:00+00:00,13.5045,14.879153,325.3486
170,2025-10-08 08:00:00+00:00,13.1545,15.283048,327.99466
171,2025-10-08 09:00:00+00:00,13.2545,15.12964,325.17545
172,2025-10-08 10:00:00+00:00,13.054501,14.05845,320.1945
173,2025-10-08 11:00:00+00:00,13.0045,14.81915,310.07285
174,2025-10-08 12:00:00+00:00,13.2045,17.570988,330.54642
175,2025-10-08 13:00:00+00:00,13.3545,20.696087,319.93927
176,2025-10-08 14:00:00+00:00,14.554501,19.88328,333.667
177,2025-10-08 15:00:00+00:00,15.3545,20.933464,348.59348
178,2025-10-08 16:00:00+00:00,15.9045,21.25906,357.5737
179,2025-10-08 17:00:00+00:00,16.0045,21.066921,1.4687687
180,2025-10-08 18:00:00+00:00,16.904501,17.519281,4.7146792
181,2025-10-08 19:00:00+00:00,16.3045,16.954432,356.34784
182,2025-10-08 20:00:00+00:00,16.3545,15.379206,339.44388
183,2025-10-08 21:00:00+00:00,16.404501,21.840164,355.74625
184,2025-10-08 22:00:00+00:00,15.9545,17.431213,343.8107
185,2025-10-08 23:00:00+00:00,15.9045,17.794527,352.44376
186,2025-10-09 00:00:00+00:00,14.2045,23.77772,336.34576
187,2025-10-09 01:00:00+00:00,14.054501,26.776474,354.21283
188,2025-10-09 02:00:00+00:00,13.8545,19.179081,330.7888
189,2025-10-09 03:00:00+00:00,13.7045,15.661035,307.5285
190,2025-10-09 04:00:00+00:00,13.554501,15.779543,290.7091
191,2025-10-09 05:00:00+00:00,13.5045,19.023027,304.59235
192,2025-10-09 06:00:00+00:00,13.1045,14.687382,340.67673
193,2025-10-09 07:00:00+00:00,12.9545,3.8939953,33.6901
194,2025-10-09 08:00:00+00:00,13.0045,6.198903,334.17905
195,2025-10-09 09:00:00+00:00,13.0045,13.369771,316.63654
196,2025-10-09 10:00:00+00:00,12.7545,11.226575,318.9006
197,2025-10-09 11:00:00+00:00,13.4045,12.976239,336.27957
198,2025-10-09 12:00:00+00:00,13.9545,12.324414,353.29025
199,2025-10-09 13:00:00+00:00,13.9045,6.279395,332.7005
200,2025-10-09 14:00:00+00:00,14.2545,7.7420926,305.53775
201,2025-10-09 15:00:00+00:00,14.9045,7.9077177,311.30853
202,2025-10-09 16:00:00+00:00,16.4545,6.2613096,341.56494
203,2025-10-09 17:00:00+00:00,17.5045,3.396233,327.99466
204,2025-10-09 18:00:00+00:00,18.8545,3.189608,343.61038
205,2025-10-09 19:00:00+00:00,20.3545,3.189608,106.38962
206,2025-10-09 20:00:00+00:00,20.0045,3.4247334,183.01273
207,2025-10-09 21:00:00+00:00,18.8045,2.9301877,227.4896
208,2025-10-09 22:00:00+00:00,17.904501,10.98,280.3888
209,2025-10-09 23:00:00+00:00,17.0545,9.444426,277.66672
210,2025-10-10 00:00:00+00:00,16.3545,8.035746,344.40714
211,2025-10-10 01:00:00+00:00,15.7045,2.0523157,285.25516
212,2025-10-10 02:00:00+00:00,15.5045,7.4932766,245.89777
213,2025-10-10 03:00:00+00:00,15.054501,14.512064,336.61475
214,2025-10-10 04:00:00+00:00,14.804501,13.021106,354.4471
215,2025-10-10 05:00:00+00:00,14.4045,7.0038276,295.90643
216,2025-10-10 06:00:00+00:00,14.554501,0.56920993,251.56496
217,2025-10-10 07:00:00+00:00,14.4545,4.599695,300.57913
218,2025-10-10 08:00:00+00:00,14.0045,8.0899935,57.724377
219,2025-10-10 09:00:00+00:00,13.7045,4.452954,345.9637
220,2025-10-10 10:00:00+00:00,13.554501,8.461914,240.70874
221,2025-10-10 11:00:00+00:00,13.3545,11.052058,307.0566
222,2025-10-10 12:00:00+00:00,13.5045,8.209263,307.87503
223,2025-10-10 13:00:00+00:00,13.1045,10.837435,302.10623
224,2025-10-10 14:00:00+00:00,14.304501,10.874742,331.31393
225,2025-10-10 15:00:00+00:00,15.7545,7.6388745,325.56094
226,2025-10-10 16:00:00+00:00,17.5045,5.154415,294.77512
227,2025-10-10 17:00:00+00:00,19.2045,1.8089776,275.7105
228,2025-10-10 18:00:00+00:00,20.6045,2.7943513,165.06853
229,2025-10-10 19:00:00+00:00,21.3045,5.4477882,172.40544
230,2025-10-10 20:00:00+00:00,20.3545,6.151683,69.44387
231,2025-10-10 21:00:00+00:00,18.7545,13.672893,343.95093
232,2025-10-10 22:00:00+00:00,18.7545,3.0652895,3.3664
233,2025-10-10 23:00:00+00:00,16.904501,11.5115595,9.90412
234,2025-10-11 00:00:00+00:00,15.8545,14.49531,335.0261
235,2025-10-11 01:00:00+00:00,15.6045,9.340941,334.9164
236,2025-10-11 02:00:00+00:00,15.2545,13.870515,357.76886
237,2025-10-11 03:00:00+00:00,14.9545,15.717823,336.3706
238,2025-10-11 04:00:00+00:00,14.1545,17.762634,340.46326
239,2025-10-11 05:00:00+00:00,13.7545,16.92383,336.16125
240,2025-10-11 06:00:00+00:00,13.5045,12.242646,311.42358
241,2025-10-11 07:00:00+00:00,13.2545,9.686609,311.98712
242,2025-10-11 08:00:00+00:00,13.1545,9.292255,328.46524
243,2025-10-11 09:00:00+00:00,13.7045,11.298495,337.5205
244,2025-10-11 10:00:00+00:00,13.4045,10.304115,340.6154
245,2025-10-11 11:00:00+00:00,12.5045,9.292255,328.46524
246,2025-10-11 12:00:00+00:00,12.5045,10.24578,341.56494
247,2025-10-11 13:00:00+00:00,12.554501,10.560341,330.37634
248,2025-10-11 14:00:00+00:00,14.7545,6.1094027,315.0001
249,2025-10-11 15:00:00+00:00,15.7545,4.143911,357.5105
250,2025-10-11 16:00:00+00:00,17.4545,3.604497,2.8623457
251,2025-10-11 17:00:00+00:00,18.8545,7.579261,4.085537
252,2025-10-11 18:00:00+00:00,20.3545,9.6480665,8.583544
253,2025-10-11 19:00:00+00:00,20.0545,11.165805,20.772345
254,2025-10-11 20:00:00+00:00,20.654501,9.826088,8.426887
255,2025-10-11 21:00:00+00:00,21.5045,5.12289,341.56494
256,2025-10-11 22:00:00+00:00,18.0545,13.040997,26.211319
257,2025-10-11 23:00:00+00:00,17.404501,8.027677,250.34608
258,2025-10-12 00:00:00+00:00,19.7045,9.761578,354.71
259,2025-10-12 01:00:00+00:00,17.5045,13.184308,321.09586
260,2025-10-12 02:00:00+00:00,15.4045,18.275984,287.1858
261,2025-10-12 03:00:00+00:00,15.054501,11.837652,298.12363
262,2025-10-12 04:00:00+00:00,14.4045,10.564941,314.3098
263,2025-10-12 05:00:00+00:00,13.9545,8.415842,318.46832
264,2025-10-12 06:00:00+00:00,14.304501,8.281956,1.2453395
265,2025-10-12 07:00:00+00:00,13.9045,9.335737,19.133741
266,2025-10-12 08:00:00+00:00,13.804501,7.0911775,23.962492
267,2025-10-12 09:00:00+00:00,13.804501,4.510787,28.610369
268,2025-10-12 10:00:00+00:00,13.9545,4.3536186,60.255207
269,2025-10-12 11:00:00+00:00,13.9045,5.7628117,104.47034
270,2025-10-12 12:00:00+00:00,13.7545,2.7416782,66.801384
271,2025-10-12 13:00:00+00:00,13.6545,5.6233797,129.80553
272,2025-10-12 14:00:00+00:00,13.7045,5.5450516,144.24602
273,2025-10-12 15:00:00+00:00,15.054501,4.724786,130.36446
274,2025-10-12 16:00:00+00:00,16.8545,1.1384199,161.56496
275,2025-10-12 17:00:00+00:00,18.7545,5.154415,335.22488
276,2025-10-12 18:00:00+00:00,20.7545,8.856658,322.43134
277,2025-10-12 19:00:00+00:00,22.2545,7.406295,334.05774
278,2025-10-12 20:00:00+00:00,23.2045,9.54,360.0
279,2025-10-12 21:00:00+00:00,23.0545,12.313893,15.255177
280,2025-10-12 22:00:00+00:00,22.7045,14.512064,7.12493
281,2025-10-12 23:00:00+00:00,22.0045,13.671707,350.9098
282,2025-10-13 00:00:00+00:00,20.7545,12.931218,343.83542
283,2025-10-13 01:00:00+00:00,19.0545,13.472372,337.20343
284,2025-10-13 02:00:00+00:00,17.6045,13.719023,340.85178
285,2025-10-13 03:00:00+00:00,16.5545,12.483748,331.58743
286,2025-10-13 04:00:00+00:00,15.8545,14.480773,325.1246
287,2025-10-13 05:00:00+00:00,15.1045,11.334285,316.93057
288,2025-10-13 06:00:00+00:00,13.8545,8.854829,333.43503
289,2025-10-13 07:00:00+00:00,12.7045,3.9966488,7.7650824
290,2025-10-13 08:00:00+00:00,11.6545,2.6999998,36.86998
291,2025-10-13 09:00:00+00:00,11.0045,2.0364676,44.999897
292,2025-10-13 10:00:00+00:00,10.6045,3.2599385,353.6599
293,2025-10-13 11:00:00+00:00,10.6045,2.5455842,8.130019
294,2025-10-13 12:00:00+00:00,10.4045,2.1068459,250.0168
295,2025-10-13 13:00:00+00:00,10.4545,2.1749482,114.44395
296,2025-10-13 14:00:00+00:00,11.1045,2.2768397,108.43504
297,2025-10-13 15:00:00+00:00,13.304501,2.3469129,122.471176
298,2025-10-13 16:00:00+00:00,16.7545,2.36753,171.25392
299,2025-10-13 17:00:00+00:00,19.7545,1.7727944,246.0375
300,2025-10-13 18:00:00+00:00,22.6045,5.426933,354.2895
301,2025-10-13 19:00:00+00:00,23.3545,8.197414,8.841739
302,2025-10-13 20:00:00+00:00,23.7045,10.7714615,9.619657
303,2025-10-13 21:00:00+00:00,23.5045,12.791403,357.58054
304,2025-10-13 22:00:00+00:00,22.8045,16.63126,350.028
305,2025-10-13 23:00:00+00:00,21.6045,17.651016,348.23172
306,2025-10-14 00:00:00+00:00,21.2045,23.023119,350.0959
307,2025-10-14 01:00:00+00:00,19.0045,20.009167,3.0939984
308,2025-10-14 02:00:00+00:00,17.2045,20.163212,1.0230169
309,2025-10-14 03:00:00+00:00,15.9545,19.888983,338.77628
310,2025-10-14 04:00:00+00:00,15.304501,16.276815,321.73596
311,2025-10-14 05:00:00+00:00,14.554501,14.7039175,309.5361
312,2025-10-14 06:00:00+00:00,14.0045,9.743304,334.85526
313,2025-10-14 07:00:00+00:00,13.7545,8.647496,357.6141
314,2025-10-14 08:00:00+00:00,13.2545,6.849467,3.0127327
315,2025-10-14 09:00:00+00:00,12.804501,8.107996,2.5447557
316,2025-10-14 10:00:00+00:00,12.4545,9.36173,358.89832
317,2025-10-14 11:00:00+00:00,12.1045,12.245294,358.31534
318,2025-10-14 12:00:00+00:00,11.4045,13.151091,2.3532507
319,2025-10-14 13:00:00+00:00,10.9045,11.734564,355.60138
320,2025-10-14 14:00:00+00:00,11.8545,7.3799996,347.3196
321,2025-10-14 15:00:00+00:00,14.054501,5.6492476,337.5205
322,2025-10-14 16:00:00+00:00,16.3545,5.2694216,352.14676
323,2025-10-14 17:00:00+00:00,18.3045,7.0568266,5.8559217
324,2025-10-14 18:00:00+00:00,19.7045,7.029225,13.324542
325,2025-10-14 19:00:00+00:00,21.154501,8.553314,8.471065
326,2025-10-14 20:00:00+00:00,21.7045,11.003581,356.24832
327,2025-10-14 21:00:00+00:00,22.154501,12.074766,349.69522
328,2025-10-14 22:00:00+00:00,22.6045,16.368128,8.219126
329,2025-10-14 23:00:00+00:00,21.2045,23.97516,20.203703
330,2025-10-15 00:00:00+00:00,20.4545,20.349554,15.38853
331,2025-10-15 01:00:00+00:00,18.0045,19.281015,2.6753762
332,2025-10-15 02:00:00+00:00,16.2545,22.668568,349.93936
333,2025-10-15 03:00:00+00:00,14.9545,23.906818,341.56494
334,2025-10-15 04:00:00+00:00,14.0045,22.939232,341.70712
335,2025-10-15 05:00:00+00:00,13.4045,20.275385,343.49554
336,2025-10-15 06:00:00+00:00,12.9045,12.55879,332.7005
337,2025-10-15 07:00:00+00:00,12.4045,14.4,323.13
338,2025-10-15 08:00:00+00:00,12.3545,13.985663,301.849
339,2025-10-15 09:00:00+00:00,12.2545,13.624228,313.39404
340,2025-10-15 10:00:00+00:00,12.054501,10.387107,332.1028
341,2025-10-15 11:00:00+00:00,11.7545,8.694204,332.90454
342,2025-10-15 12:00:00+00:00,11.554501,11.345713,1.8182695
343,2025-10-15 13:00:00+00:00,11.4045,11.272657,340.40762
344,2025-10-15 14:00:00+00:00,11.9045,8.338489,327.3391
345,2025-10-15 15:00:00+00:00,13.6545,6.151683,339.44388
346,2025-10-15 16:00:00+00:00,15.9545,5.232399,356.0549
347,2025-10-15 17:00:00+00:00,17.7045,2.50064,30.256361
348,2025-10-15 18:00:00+00:00,18.904501,2.1897945,9.462248
349,2025-10-15 19:00:00+00:00,20.5545,2.9301877,349.3804
350,2025-10-15 20:00:00+00:00,20.5545,6.206738,343.1415
351,2025-10-15 21:00:00+00:00,20.8545,7.7900705,319.68597
352,2025-10-15 22:00:00+00:00,20.5045,6.341009,304.59235
353,2025-10-15 23:00:00+00:00,20.5545,8.714677,321.70978
354,2025-10-16 00:00:00+00:00,17.4545,20.454369,24.986406
355,2025-10-16 01:00:00+00:00,16.2045,11.521406,359.10486
356,2025-10-16 02:00:00+00:00,15.9545,15.683774,328.13406
357,2025-10-16 03:00:00+00:00,15.0045,13.246826,312.7974
358,2025-10-16 04:00:00+00:00,14.6545,10.385547,295.67676
359,2025-10-16 05:00:00+00:00,14.6545,8.53815,304.69522
360,2025-10-16 06:00:00+00:00,14.0045,5.5829024,339.22766
361,2025-10-16 07:00:00+00:00,13.5045,4.2175345,50.194473
362,2025-10-16 08:00:00+00:00,13.1045,7.458606,70.253075
363,2025-10-16 09:00:00+00:00,12.6045,6.6087217,60.64234
364,2025-10-16 10:00:00+00:00,12.304501,5.9834766,21.161337
365,2025-10-16 11:00:00+00:00,11.7045,5.950899,3.46817
366,2025-10-16 12:00:00+00:00,11.304501,4.143911,357.5105
367,2025-10-16 13:00:00+00:00,11.1045,4.1046314,37.875053
368,2025-10-16 14:00:00+00:00,10.304501,2.8460498,71.564964
369,2025-10-16 15:00:00+00:00,11.9045,2.0124612,116.56499
370,2025-10-16 16:00:00+00:00,14.7045,0.742159,104.03627
371,2025-10-16 17:00:00+00:00,17.4545,2.1674871,221.63345
372,2025-10-16 18:00:00+00:00,19.404501,2.5264204,184.08554
373,2025-10-16 19:00:00+00:00,20.1045,2.995797,212.73521
374,2025-10-16 20:00:00+00:00,21.3045,2.5772078,257.90524
375,2025-10-16 21:00:00+00:00,21.7545,2.16,270.0
376,2025-10-16 22:00:00+00:00,22.2045,5.771239,266.42374
377,2025-10-16 23:00:00+00:00,21.0545,10.440001,270.0
378,2025-10-17 00:00:00+00:00,21.404501,4.73506,278.74606
379,2025-10-17 01:00:00+00:00,19.8045,7.8149853,298.92633
380,2025-10-17 02:00:00+00:00,18.7545,8.82,360.0
381,2025-10-17 03:00:00+00:00,18.154501,3.096837,35.537766
382,2025-10-17 04:00:00+00:00,17.404501,1.3104197,285.94547
383,2025-10-17 05:00:00+00:00,16.2045,1.835647,191.30989
384,2025-10-17 06:00:00+00:00,15.6045,6.8777895,222.87889
385,2025-10-17 07:00:00+00:00,15.0045,5.0911684,188.13002
386,2025-10-17 08:00:00+00:00,14.1545,5.8298883,98.88058
387,2025-10-17 09:00:00+00:00,13.304501,6.542201,82.09293
388,2025-10-17 10:00:00+00:00,12.7045,2.6208394,15.945477
389,2025-10-17 11:00:00+00:00,12.2045,2.8856194,356.42374
390,2025-10-17 12:00:00+00:00,11.1045,4.0249224,243.43501
391,2025-10-17 13:00:00+00:00,11.2045,1.98,180.0
392,2025-10-17 14:00:00+00:00,12.9545,2.1749482,204.44394
393,2025-10-17 15:00:00+00:00,16.1045,1.7727944,203.9625
394,2025-10-17 16:00:00+00:00,18.654501,1.9134263,228.81418
395,2025-10-17 17:00:00+00:00,21.0045,2.36753,261.2539
396,2025-10-17 18:00:00+00:00,22.654501,4.7827187,289.79895
397,2025-10-17 19:00:00+00:00,23.7545,3.1072817,280.0079
398,2025-10-17 20:00:00+00:00,24.4545,3.1845248,227.29063
399,2025-10-17 21:00:00+00:00,24.2045,7.8149853,241.07367
400,2025-10-17 22:00:00+00:00,23.3045,10.337079,262.99884
401,2025-10-17 23:00:00+00:00,22.5545,8.197414,289.23077
402,2025-10-18 00:00:00+00:00,17.7045,4.724786,220.36446
403,2025-10-18 01:00:00+00:00,16.654501,4.613762,69.44388
404,2025-10-18 02:00:00+00:00,17.3545,10.299397,275.01303
405,2025-10-18 03:00:00+00:00,17.3545,4.755544,240.5242
406,2025-10-18 04:00:00+00:00,16.6045,6.8423676,215.36255
407,2025-10-18 05:00:00+00:00,15.8545,3.5455887,203.9625
408,2025-10-18 06:00:00+00:00,16.0045,6.198903,154.17906
409,2025-10-18 07:00:00+00:00,15.0045,5.506941,168.69011
410,2025-10-18 08:00:00+00:00,14.6045,5.6233797,129.80553
411,2025-10-18 09:00:00+00:00,13.554501,5.1197267,79.87539
412,2025-10-18 10:00:00+00:00,13.054501,4.8965297,36.027473
413,2025-10-18 11:00:00+00:00,12.5045,2.7238941,352.40543
414,2025-10-18 12:00:00+00:00,13.2545,4.6834598,2.2025495
415,2025-10-18 13:00:00+00:00,12.9045,5.5829024,1.8475709
416,2025-10-18 14:00:00+00:00,14.804501,3.6179552,5.7105074
417,2025-10-18 15:00:00+00:00,17.4545,1.8,36.86999
418,2025-10-18 16:00:00+00:00,19.8545,0.8049845,296.56497
419,2025-10-18 17:00:00+00:00,22.0045,3.2599385,276.3401
420,2025-10-18 18:00:00+00:00,23.5045,0.8049845,206.56499
421,2025-10-18 19:00:00+00:00,24.2545,4.323748,267.6141
422,2025-10-18 20:00:00+00:00,24.3545,2.6758924,227.72638
423,2025-10-18 21:00:00+00:00,21.0545,10.934166,122.90524
424,2025-10-18 22:00:00+00:00,16.904501,7.040739,184.39862
425,2025-10-18 23:00:00+00:00,17.6045,7.24486,26.564985
426,2025-10-19 00:00:00+00:00,17.3545,7.6473517,116.56499
427,2025-10-19 01:00:00+00:00,16.5545,10.650465,149.53453
428,2025-10-19 02:00:00+00:00,16.0545,7.329338,204.67685
429,2025-10-19 03:00:00+00:00,15.9045,9.321845,169.99208
430,2025-10-19 04:00:00+00:00,15.2045,6.0908127,161.0295
431,2025-10-19 05:00:00+00:00,14.8545,6.7757506,140.38934
432,2025-10-19 06:00:00+00:00,14.9045,1.8532133,150.9455
433,2025-10-19 07:00:00+00:00,14.1045,0.40249225,153.43501
434,2025-10-19 08:00:00+00:00,13.4045,2.6208394,74.054535
435,2025-10-19 09:00:00+00:00,12.8545,5.369916,50.440376
436,2025-10-19 10:00:00+00:00,12.3545,5.9834766,21.161337
437,2025-10-19 11:00:00+00:00,11.5045,7.814986,7.9433913
438,2025-10-19 12:00:00+00:00,12.6045,8.649369,347.98853
439,2025-10-19 13:00:00+00:00,11.9045,9.144637,349.79608
440,2025-10-19 14:00:00+00:00,13.4045,5.634891,333.43503
441,2025-10-19 15:00:00+00:00,16.404501,2.907989,338.19852
442,2025-10-19 16:00:00+00:00,19.0045,5.3999996,360.0
443,2025-10-19 17:00:00+00:00,21.6045,10.449306,10.922761
444,2025-10-19 18:00:00+00:00,23.2045,16.293728,16.032412
445,2025-10-19 19:00:00+00:00,24.5045,15.677576,12.60016
446,2025-10-19 20:00:00+00:00,25.1045,23.417301,34.667366
447,2025-10-19 21:00:00+00:00,24.154501,29.00682,33.098404
448,2025-10-19 22:00:00+00:00,23.404501,28.12266,35.62303
449,2025-10-19 23:00:00+00:00,23.154501,23.17041,43.74104
450,2025-10-20 00:00:00+00:00,21.0545,27.257967,33.6901
451,2025-10-20 01:00:00+00:00,18.8545,21.468348,3.8459613
452,2025-10-20 02:00:00+00:00,17.8545,21.03152,353.11835
453,2025-10-20 03:00:00+00:00,16.8545,17.518356,350.53775
454,2025-10-20 04:00:00+00:00,16.154501,12.703715,339.2538
455,2025-10-20 05:00:00+00:00,15.4545,12.181624,325.84024
456,2025-10-20 06:00:00+00:00,14.554501,13.032298,327.40744
457,2025-10-20 07:00:00+00:00,14.2045,11.362834,319.49722
458,2025-10-20 08:00:00+00:00,14.0045,9.292254,314.21527
459,2025-10-20 09:00:00+00:00,13.9545,9.54,301.89075
460,2025-10-20 10:00:00+00:00,13.7545,10.373061,321.34018
461,2025-10-20 11:00:00+00:00,13.9045,9.860649,338.58694
462,2025-10-20 12:00:00+00:00,14.3545,7.256032,336.61475
463,2025-10-20 13:00:00+00:00,13.9545,6.7469993,350.78906
464,2025-10-20 14:00:00+00:00,14.7545,5.5916004,326.82147
465,2025-10-20 15:00:00+00:00,16.4545,6.9899354,348.11136
466,2025-10-20 16:00:00+00:00,18.3545,8.688613,13.17257
467,2025-10-20 17:00:00+00:00,19.8545,8.049845,26.564985
468,2025-10-20 18:00:00+00:00,20.8045,6.542201,7.907082
469,2025-10-20 19:00:00+00:00,22.5545,8.641874,1.1934711
470,2025-10-20 20:00:00+00:00,23.5045,11.165805,20.772345
471,2025-10-20 21:00:00+00:00,23.6045,12.708815,37.519188
472,2025-10-20 22:00:00+00:00,24.1045,15.804164,37.131016
473,2025-10-20 23:00:00+00:00,23.5045,21.817902,37.6263
474,2025-10-21 00:00:00+00:00,22.404501,17.950432,15.708701
475,2025-10-21 01:00:00+00:00,20.4545,19.9954,13.535882
476,2025-10-21 02:00:00+00:00,19.0545,17.106628,8.471065
477,2025-10-21 03:00:00+00:00,17.9545,17.337091,347.40668
478,2025-10-21 04:00:00+00:00,17.0045,14.677451,336.89365
479,2025-10-21 05:00:00+00:00,16.3545,12.351987,316.77145
480,2025-10-21 06:00:00+00:00,15.4045,9.5416975,305.78906
481,2025-10-21 07:00:00+00:00,14.8545,5.509882,308.36752
482,2025-10-21 08:00:00+00:00,14.0045,3.550155,30.465475
483,2025-10-21 09:00:00+00:00,13.054501,5.5450516,13.134034
484,2025-10-21 10:00:00+00:00,12.7545,4.514377,4.5738406
485,2025-10-21 11:00:00+00:00,12.4545,6.2145634,10.007925
486,2025-10-21 12:00:00+00:00,11.6045,5.5799994,360.0
487,2025-10-21 13:00:00+00:00,11.2545,6.5693827,9.462261
488,2025-10-21 14:00:00+00:00,12.7545,4.278551,14.620926
489,2025-10-21 15:00:00+00:00,15.2545,2.4014995,347.00537
490,2025-10-21 16:00:00+00:00,17.7545,4.5572357,350.9098
491,2025-10-21 17:00:00+00:00,20.3545,5.0688457,353.88458
492,2025-10-21 18:00:00+00:00,22.654501,5.5887027,14.931467
493,2025-10-21 19:00:00+00:00,24.154501,8.825508,11.76827
494,2025-10-21 20:00:00+00:00,25.3045,12.2519045,10.154214
495,2025-10-21 21:00:00+00:00,25.9545,20.096418,30.69964
496,2025-10-21 22:00:00+00:00,24.7045,29.109398,34.672817
497,2025-10-21 23:00:00+00:00,23.5045,28.856194,33.293583
498,2025-10-22 00:00:00+00:00,21.9545,27.62047,25.061975
499,2025-10-22 01:00:00+00:00,20.2545,26.3766,20.784939
500,2025-10-22 02:00:00+00:00,18.6045,24.69217,2.924924
501,2025-10-22 03:00:00+00:00,17.4545,26.087584,348.4575
502,2025-10-22 04:00:00+00:00,16.8545,22.277134,347.87292
503,2025-10-22 05:00:00+00:00,16.0545,17.864489,347.7843
504,2025-10-22 06:00:00+00:00,15.304501,18.762356,351.17035
505,2025-10-22 07:00:00+00:00,14.9045,17.47484,348.11136
506,2025-10-22 08:00:00+00:00,14.304501,18.762356,351.17035
507,2025-10-22 09:00:00+00:00,13.6045,18.98552,354.55975
508,2025-10-22 10:00:00+00:00,13.1545,16.985933,347.1419
509,2025-10-22 11:00:00+00:00,12.7045,15.086748,340.48404
510,2025-10-22 12:00:00+00:00,13.554501,12.57426,336.3706
511,2025-10-22 13:00:00+00:00,13.804501,10.070353,335.72556
512,2025-10-22 14:00:00+00:00,14.7045,9.885262,10.491434
513,2025-10-22 15:00:00+00:00,15.5045,12.81165,24.044224
514,2025-10-22 16:00:00+00:00,17.404501,11.631956,21.801476
515,2025-10-22 17:00:00+00:00,20.5545,9.96524,16.798458
516,2025-10-22 18:00:00+00:00,21.654501,17.594023,13.609757
517,2025-10-22 19:00:00+00:00,23.154501,17.482254,16.755838
518,2025-10-22 20:00:00+00:00,24.0045,21.15823,21.982504
519,2025-10-22 21:00:00+00:00,24.3545,22.5,20.609785
520,2025-10-22 22:00:00+00:00,23.4545,25.537172,21.501507
521,2025-10-22 23:00:00+00:00,22.1045,24.334642,21.25058
522,2025-10-23 00:00:00+00:00,21.6045,23.665035,21.8824
523,2025-10-23 01:00:00+00:00,18.7045,17.82091,336.8014
524,2025-10-23 02:00:00+00:00,17.7545,18.818396,345.03323
525,2025-10-23 03:00:00+00:00,16.7545,22.090187,345.8505
526,2025-10-23 04:00:00+00:00,15.7545,18.954777,341.737
527,2025-10-23 05:00:00+00:00,15.1045,12.011544,340.75037
528,2025-10-23 06:00:00+00:00,14.304501,11.755254,348.51804
529,2025-10-23 07:00:00+00:00,14.054501,13.491597,346.89078
530,2025-10-23 08:00:00+00:00,13.9545,11.334284,349.93936
531,2025-10-23 09:00:00+00:00,13.4545,11.903159,339.64667
532,2025-10-23 10:00:00+00:00,12.9545,9.983106,334.35904
533,2025-10-23 11:00:00+00:00,12.6045,7.596341,323.67307
534,2025-10-23 12:00:00+00:00,12.804501,10.299397,5.013036
535,2025-10-23 13:00:00+00:00,12.6545,7.0774574,352.69434
536,2025-10-23 14:00:00+00:00,13.7545,3.8856654,13.392516
537,2025-10-23 15:00:00+00:00,15.7045,1.4058449,50.194473
538,2025-10-23 16:00:00+00:00,18.2045,1.7076298,18.435053
539,2025-10-23 17:00:00+00:00,20.3545,2.5772076,65.22488
540,2025-10-23 18:00:00+00:00,21.9545,2.5772078,77.90526
541,2025-10-23 19:00:00+00:00,23.904501,1.8089776,95.7105
542,2025-10-23 20:00:00+00:00,24.9545,1.0948973,350.53775
543,2025-10-23 21:00:00+00:00,25.6045,3.7971036,354.55975
544,2025-10-23 22:00:00+00:00,25.7545,4.3349743,4.763556
545,2025-10-23 23:00:00+00:00,25.2545,7.748368,30.735416
546,2025-10-24 00:00:00+00:00,23.7545,11.9317045,348.6901
547,2025-10-24 01:00:00+00:00,21.1045,21.82755,356.21744
548,2025-10-24 02:00:00+00:00,19.5045,17.640919,0.58462805
549,2025-10-24 03:00:00+00:00,18.3545,16.213993,337.13547
550,2025-10-24 04:00:00+00:00,17.654501,13.18308,325.0079
551,2025-10-24 05:00:00+00:00,16.7045,10.694485,313.63614
552,2025-10-24 06:00:00+00:00,15.6545,8.400428,315.0001
553,2025-10-24 07:00:00+00:00,14.804501,10.787993,334.2901
554,2025-10-24 08:00:00+00:00,13.8545,10.5234585,347.15228
555,2025-10-24 09:00:00+00:00,13.1545,10.004178,351.72418
556,2025-10-24 10:00:00+00:00,12.6545,9.708326,10.684865
557,2025-10-24 11:00:00+00:00,12.4045,8.431228,16.113499
558,2025-10-24 12:00:00+00:00,12.554501,3.4247334,356.98727
559,2025-10-24 13:00:00+00:00,12.1545,4.2136917,19.983198
560,2025-10-24 14:00:00+00:00,12.4545,2.4149535,63.435013
561,2025-10-24 15:00:00+00:00,14.5045,2.3051248,128.65984
562,2025-10-24 16:00:00+00:00,17.3045,2.1897945,170.53775
563,2025-10-24 17:00:00+00:00,20.4545,2.226477,194.03627
564,2025-10-24 18:00:00+00:00,22.904501,1.7727944,246.0375
565,2025-10-24 19:00:00+00:00,24.3545,1.4512063,262.8751
566,2025-10-24 20:00:00+00:00,25.2545,0.6489992,303.6901
567,2025-10-24 21:00:00+00:00,25.7045,1.3104197,285.94547
568,2025-10-24 22:00:00+00:00,25.7545,2.1674871,311.63345
569,2025-10-24 23:00:00+00:00,25.3545,7.056826,322.25314
570,2025-10-25 00:00:00+00:00,24.0045,13.169555,349.76526
571,2025-10-25 01:00:00+00:00,22.654501,21.25906,357.5737
572,2025-10-25 02:00:00+00:00,20.5045,18.501513,17.55363
573,2025-10-25 03:00:00+00:00,19.3545,8.905908,345.9637
574,2025-10-25 04:00:00+00:00,19.0545,10.185519,313.56796
575,2025-10-25 05:00:00+00:00,18.7545,7.596341,283.70697
576,2025-10-25 06:00:00+00:00,17.7045,4.913044,241.55717
577,2025-10-25 07:00:00+00:00,16.7545,8.274128,134.1187
578,2025-10-25 08:00:00+00:00,15.7045,7.344794,126.027466
579,2025-10-25 09:00:00+00:00,14.9545,4.0249224,79.69521
580,2025-10-25 10:00:00+00:00,14.3545,4.6452556,35.537766
581,2025-10-25 11:00:00+00:00,13.804501,4.846648,31.328646
582,2025-10-25 12:00:00+00:00,12.6545,3.01735,17.354122
583,2025-10-25 13:00:00+00:00,12.2545,3.9312592,105.945465
584,2025-10-25 14:00:00+00:00,13.804501,5.6521144,127.23492
585,2025-10-25 15:00:00+00:00,16.4545,1.609969,153.43501
586,2025-10-25 16:00:00+00:00,19.3045,1.7076298,198.43504
587,2025-10-25 17:00:00+00:00,21.9545,2.995797,302.7352
588,2025-10-25 18:00:00+00:00,23.9545,7.9567327,322.3523
589,2025-10-25 19:00:00+00:00,25.2045,6.552099,322.81522
590,2025-10-25 20:00:00+00:00,25.904501,5.6920996,341.56494
591,2025-10-25 21:00:00+00:00,26.3045,6.162207,353.29025
592,2025-10-25 22:00:00+00:00,26.3545,8.089993,339.14545
593,2025-10-25 23:00:00+00:00,25.7045,12.13499,327.72437
594,2025-10-26 00:00:00+00:00,24.154501,15.617529,334.02567
595,2025-10-26 01:00:00+00:00,22.7545,20.957443,355.07297
596,2025-10-26 02:00:00+00:00,21.2045,21.122215,32.471172
597,2025-10-26 03:00:00+00:00,20.1045,14.028457,33.486195
598,2025-10-26 04:00:00+00:00,19.4545,13.638489,337.49643
599,2025-10-26 05:00:00+00:00,18.654501,15.048042,323.2671
600,2025-10-26 06:00:00+00:00,17.8545,9.109138,330.39563
601,2025-10-26 07:00:00+00:00,16.904501,2.9522195,322.43134
602,2025-10-26 08:00:00+00:00,15.7545,1.5484185,35.537766
603,2025-10-26 09:00:00+00:00,14.7045,2.4216523,131.98714
604,2025-10-26 10:00:00+00:00,13.8545,1.6199999,90.0
605,2025-10-26 11:00:00+00:00,13.1545,3.9477081,24.227736
606,2025-10-26 12:00:00+00:00,12.1545,2.5772078,347.90527
607,2025-10-26 13:00:00+00:00,12.2545,3.9477081,155.77226
608,2025-10-26 14:00:00+00:00,14.3545,4.060985,167.19574
609,2025-10-26 15:00:00+00:00,17.2545,1.8089776,185.7105
610,2025-10-26 16:00:00+00:00,20.0045,1.9134263,228.81418
611,2025-10-26 17:00:00+00:00,22.654501,2.1674871,265.23645
612,2025-10-26 18:00:00+00:00,24.6045,2.3051248,321.34018
613,2025-10-26 19:00:00+00:00,26.0045,3.189608,343.61038
614,2025-10-26 20:00:00+00:00,26.7545,3.7971041,328.5705
615,2025-10-26 21:00:00+00:00,27.2045,7.10031,329.53452
616,2025-10-26 22:00:00+00:00,27.0045,10.950452,334.69864
617,2025-10-26 23:00:00+00:00,25.8545,16.985933,347.1419
618,2025-10-27 00:00:00+00:00,23.5545,20.47416,353.4374
619,2025-10-27 01:00:00+00:00,21.2545,22.380884,11.129155
620,2025-10-27 02:00:00+00:00,20.0045,18.3794,14.172374
621,2025-10-27 03:00:00+00:00,19.0545,15.156386,344.148
622,2025-10-27 04:00:00+00:00,18.2545,11.521406,331.03244
623,2025-10-27 05:00:00+00:00,17.7545,10.571074,317.07004
624,2025-10-27 06:00:00+00:00,17.0045,13.070776,337.3194
625,2025-10-27 07:00:00+00:00,16.2045,8.825508,348.23172
626,2025-10-27 08:00:00+00:00,15.2545,3.0758414,20.556128
627,2025-10-27 09:00:00+00:00,14.054501,4.4565907,43.36347
628,2025-10-27 10:00:00+00:00,12.8545,7.970972,25.407679
629,2025-10-27 11:00:00+00:00,11.804501,9.208192,4.484529
630,2025-10-27 12:00:00+00:00,11.054501,7.562142,358.6361
631,2025-10-27 13:00:00+00:00,10.6045,7.562142,1.3638979
632,2025-10-27 14:00:00+00:00,11.8545,3.8183763,351.87
633,2025-10-27 15:00:00+00:00,15.304501,1.6981165,32.005356
634,2025-10-27 16:00:00+00:00,18.4545,0.9,323.13
635,2025-10-27 17:00:00+00:00,21.1045,2.0124612,10.304792
636,2025-10-27 18:00:00+00:00,23.5045,7.562142,358.6361
637,2025-10-27 19:00:00+00:00,25.0045,9.087772,7.969524
638,2025-10-27 20:00:00+00:00,25.7545,8.490582,355.13556
639,2025-10-27 21:00:00+00:00,26.0045,9.335737,340.86627
640,2025-10-27 22:00:00+00:00,25.8545,12.397806,334.17905
641,2025-10-27 23:00:00+00:00,25.0545,19.242327,342.58194
642,2025-10-28 00:00:00+00:00,23.3545,24.725605,355.8253
643,2025-10-28 01:00:00+00:00,20.9545,23.662985,4.799756
644,2025-10-28 02:00:00+00:00,19.7045,17.856325,14.596623
645,2025-10-28 03:00:00+00:00,19.1045,13.159711,356.8637
646,2025-10-28 04:00:00+00:00,18.404501,12.011544,330.3617
647,2025-10-28 05:00:00+00:00,18.0045,12.145665,309.5881
648,2025-10-28 06:00:00+00:00,17.1045,9.037721,314.19315
649,2025-10-28 07:00:00+00:00,16.4545,3.964089,2.6025116
650,2025-10-28 08:00:00+00:00,15.2045,5.8048253,97.12492
651,2025-10-28 09:00:00+00:00,14.054501,5.12289,108.43504
652,2025-10-28 10:00:00+00:00,13.2045,3.319036,102.5288
653,2025-10-28 11:00:00+00:00,12.4545,2.1749482,114.44395
654,2025-10-28 12:00:00+00:00,11.7545,0.9,216.86998
655,2025-10-28 13:00:00+00:00,11.054501,3.671294,101.3099
656,2025-10-28 14:00:00+00:00,12.804501,3.244996,109.440125
657,2025-10-28 15:00:00+00:00,15.8545,1.8089776,95.7105
658,2025-10-28 16:00:00+00:00,18.8045,2.4149535,116.56499
659,2025-10-28 17:00:00+00:00,21.4545,0.56920993,18.435053
660,2025-10-28 18:00:00+00:00,23.8545,11.113451,335.09525
661,2025-10-28 19:00:00+00:00,25.0045,13.262714,341.81085
662,2025-10-28 20:00:00+00:00,25.5545,15.5687,349.3397
663,2025-10-28 21:00:00+00:00,25.7545,16.65754,353.79663
664,2025-10-28 22:00:00+00:00,25.3045,18.824419,353.9624
665,2025-10-28 23:00:00+00:00,24.2545,20.615303,354.48862
666,2025-10-29 00:00:00+00:00,22.7545,22.546032,356.33813
667,2025-10-29 01:00:00+00:00,21.3545,25.382553,0.8126334
668,2025-10-29 02:00:00+00:00,19.6045,23.665035,21.8824
669,2025-10-29 03:00:00+00:00,18.2545,16.947742,22.47948
670,2025-10-29 04:00:00+00:00,17.404501,11.165805,358.15244
671,2025-10-29 05:00:00+00:00,16.904501,9.102021,335.46228
672,2025-10-29 06:00:00+00:00,15.6045,9.444426,352.33328
673,2025-10-29 07:00:00+00:00,15.2045,5.95906,334.98312
674,2025-10-29 08:00:00+00:00,14.6545,7.1684303,308.8845
675,2025-10-29 09:00:00+00:00,13.7045,5.815978,291.80148
676,2025-10-29 10:00:00+00:00,12.4045,6.638072,319.39877
677,2025-10-29 11:00:00+00:00,11.2545,12.466867,342.34976
678,2025-10-29 12:00:00+00:00,11.1545,15.10821,338.3253
679,2025-10-29 13:00:00+00:00,11.304501,11.7,329.48984
680,2025-10-29 14:00:00+00:00,12.4545,9.039514,324.72748
681,2025-10-29 15:00:00+00:00,14.8545,9.746631,355.76367
682,2025-10-29 16:00:00+00:00,16.404501,12.57426,13.240531
683,2025-10-29 17:00:00+00:00,17.8545,14.572219,17.98743
684,2025-10-29 18:00:00+00:00,19.8045,15.937878,18.435053
685,2025-10-29 19:00:00+00:00,20.654501,18.27953,25.050951
686,2025-10-29 20:00:00+00:00,21.7045,15.086748,17.354122
687,2025-10-29 21:00:00+00:00,22.654501,21.210232,30.046347
688,2025-10-29 22:00:00+00:00,19.7045,24.15624,16.00412
689,2025-10-29 23:00:00+00:00,19.1045,24.817162,11.717412
690,2025-10-30 00:00:00+00:00,18.5045,24.231237,346.68637
691,2025-10-30 01:00:00+00:00,14.554501,25.275103,322.23233
692,2025-10-30 02:00:00+00:00,12.9545,21.03229,311.87778
693,2025-10-30 03:00:00+00:00,12.2545,15.528064,315.0001
694,2025-10-30 04:00:00+00:00,12.1045,11.712454,316.24527
695,2025-10-30 05:00:00+00:00,11.6545,8.027677,340.3461
696,2025-10-30 06:00:00+00:00,11.054501,4.965521,46.468742
697,2025-10-30 07:00:00+00:00,10.804501,2.6758924,19.653913
698,2025-10-30 08:00:00+00:00,10.054501,6.5024605,4.763556
699,2025-10-30 09:00:00+00:00,9.554501,6.638072,12.528798
700,2025-10-30 10:00:00+00:00,9.304501,6.0721655,11.976112
701,2025-10-30 11:00:00+00:00,9.054501,6.424764,11.3098955
702,2025-10-30 12:00:00+00:00,8.7545,3.06,28.072395
703,2025-10-30 13:00:00+00:00,8.5045,4.752136,37.30404
704,2025-10-30 14:00:00+00:00,9.6545,3.563818,44.999897
705,2025-10-30 15:00:00+00:00,11.804501,1.609969,63.435013
706,2025-10-30 16:00:00+00:00,14.8545,1.9386592,158.19853
707,2025-10-30 17:00:00+00:00,17.8045,2.8856194,183.57626
708,2025-10-30 18:00:00+00:00,20.2045,2.2553935,331.38962
709,2025-10-30 19:00:00+00:00,22.404501,4.5891175,318.1799
710,2025-10-30 20:00:00+00:00,23.6045,6.7565966,318.23978
711,2025-10-30 21:00:00+00:00,23.4545,10.387107,332.1028
712,2025-10-30 22:00:00+00:00,23.154501,12.487641,344.96213
713,2025-10-30 23:00:00+00:00,22.404501,15.034041,343.3007
714,2025-10-31 00:00:00+00:00,21.154501,20.37899,356.4553
715,2025-10-31 01:00:00+00:00,19.2545,21.791899,1.8933469
716,2025-10-31 02:00:00+00:00,17.654501,13.358861,14.036275
717,2025-10-31 03:00:00+00:00,16.8045,14.05845,346.67545
718,2025-10-31 04:00:00+00:00,16.154501,14.178927,326.91513
719,2025-10-31 05:00:00+00:00,15.8545,11.212135,312.39737
720,2025-10-31 06:00:00+00:00,14.8545,6.8423676,305.36255
721,2025-10-31 07:00:00+00:00,14.554501,0.54,90.0
722,2025-10-31 08:00:00+00:00,13.8545,3.536439,75.25639
723,2025-10-31 09:00:00+00:00,12.9545,6.320538,70.01681
724,2025-10-31 10:00:00+00:00,12.2045,5.9399996,90.0
725,2025-10-31 11:00:00+00:00,11.6045,4.1046314,105.25517
726,2025-10-31 12:00:00+00:00,10.4045,3.7842832,177.27374
727,2025-10-31 13:00:00+00:00,10.054501,3.148714,120.963684
728,2025-10-31 14:00:00+00:00,11.804501,5.796447,126.15828
729,2025-10-31 15:00:00+00:00,14.804501,3.6447225,147.09476
730,2025-10-31 16:00:00+00:00,17.904501,3.710795,157.1663
731,2025-10-31 17:00:00+00:00,20.5045,0.6489992,56.309914
732,2025-10-31 18:00:00+00:00,22.3545,7.2202215,355.71094
733,2025-10-31 19:00:00+00:00,23.654501,8.171683,352.40543
734,2025-10-31 20:00:00+00:00,24.2545,9.605998,347.00537
735,2025-10-31 21:00:00+00:00,24.2045,10.3480425,346.93066
736,2025-10-31 22:00:00+00:00,23.654501,10.801499,0.95482427
737,2025-10-31 23:00:00+00:00,23.0545,10.8792095,343.66388
738,2025-11-01 00:00:00+00:00,22.3045,15.299999,351.20267
739,2025-11-01 01:00:00+00:00,20.8545,20.436144,354.44012
740,2025-11-01 02:00:00+00:00,18.5545,17.183167,45.424366
741,2025-11-01 03:00:00+00:00,18.2045,7.8954163,335.77228
742,2025-11-01 04:00:00+00:00,17.7545,14.028457,303.4862
743,2025-11-01 05:00:00+00:00,17.3045,11.052058,307.0566
744,2025-11-01 06:00:00+00:00,15.804501,0.6489992,213.6901
745,2025-11-01 07:00:00+00:00,15.2045,7.289445,122.90524
746,2025-11-01 08:00:00+00:00,14.2545,7.8149853,118.92633
747,2025-11-01 09:00:00+00:00,13.5045,6.206738,106.85848
748,2025-11-01 10:00:00+00:00,13.054501,3.96,90.0
749,2025-11-01 11:00:00+00:00,12.6045,4.3349743,85.23644
750,2025-11-01 12:00:00+00:00,11.9045,4.0249224,79.69521
751,2025-11-01 13:00:00+00:00,11.8545,3.7842832,92.72626
752,2025-11-01 14:00:00+00:00,12.5045,5.6060677,84.47256
753,2025-11-01 15:00:00+00:00,14.7545,1.9386592,68.19853
754,2025-11-01 16:00:00+00:00,17.5045,0.5091169,135.0001
755,2025-11-01 17:00:00+00:00,20.1045,1.5379207,249.44386
756,2025-11-01 18:00:00+00:00,21.9545,4.6102495,308.65982
757,2025-11-01 19:00:00+00:00,23.4545,6.248359,311.49637
758,2025-11-01 20:00:00+00:00,24.3045,11.144021,301.1224
759,2025-11-01 21:00:00+00:00,23.404501,10.094454,320.0637
760,2025-11-01 22:00:00+00:00,23.3045,9.224011,5.599257
761,2025-11-01 23:00:00+00:00,22.7045,11.7,360.0
762,2025-11-02 00:00:00+00:00,21.8045,15.543706,331.6544
763,2025-11-02 01:00:00+00:00,20.654501,18.119305,346.79205
764,2025-11-02 02:00:00+00:00,20.2545,17.870834,26.3069
765,2025-11-02 03:00:00+00:00,19.154501,12.936228,31.920837
766,2025-11-02 04:00:00+00:00,18.654501,11.681987,326.3099
767,2025-11-02 05:00:00+00:00,17.7545,13.943901,309.23734
768,2025-11-02 06:00:00+00:00,16.7045,9.54,301.89075
769,2025-11-02 07:00:00+00:00,15.804501,3.189608,343.61038
770,2025-11-02 08:00:00+00:00,14.5045,3.7799997,90.0
771,2025-11-02 09:00:00+00:00,13.304501,3.0758414,110.55613
772,2025-11-02 10:00:00+00:00,12.554501,3.710795,75.96373
773,2025-11-02 11:00:00+00:00,12.0045,5.3517847,42.27363
774,2025-11-02 12:00:00+00:00,11.1545,2.1068459,340.0168
775,2025-11-02 13:00:00+00:00,11.2045,10.449306,10.922761
776,2025-11-02 14:00:00+00:00,13.1545,14.420235,335.67444
777,2025-11-02 15:00:00+00:00,15.2045,13.83192,341.80075
778,2025-11-02 16:00:00+00:00,16.7545,13.184308,345.774
779,2025-11-02 17:00:00+00:00,19.0545,11.901798,356.53183
780,2025-11-02 18:00:00+00:00,18.9545,17.262177,348.57294
781,2025-11-02 19:00:00+00:00,20.154501,16.024044,1.2873042
782,2025-11-02 20:00:00+00:00,21.1045,16.415567,3.772209
783,2025-11-02 21:00:00+00:00,20.3545,20.495512,7.0625157
784,2025-11-02 22:00:00+00:00,19.904501,20.917984,3.4532528
785,2025-11-02 23:00:00+00:00,19.3045,21.782974,0.94692856
786,2025-11-03 00:00:00+00:00,18.904501,24.770773,354.5795
787,2025-11-03 01:00:00+00:00,16.5545,25.816042,355.60138
788,2025-11-03 02:00:00+00:00,14.9045,20.212965,351.2927
789,2025-11-03 03:00:00+00:00,13.9545,17.160524,344.79755
790,2025-11-03 04:00:00+00:00,13.5045,14.145756,345.25638
791,2025-11-03 05:00:00+00:00,12.9545,10.261579,344.7448
792,2025-11-03 06:00:00+00:00,11.8545,11.7,360.0
793,2025-11-03 07:00:00+00:00,11.3545,11.34,360.0
794,2025-11-03 08:00:00+00:00,10.9045,11.212135,354.47253
795,2025-11-03 09:00:00+00:00,10.6045,9.172938,344.05453
796,2025-11-03 10:00:00+00:00,10.4545,6.698806,329.30035
797,2025-11-03 11:00:00+00:00,10.2045,5.7628117,321.34018
798,2025-11-03 12:00:00+00:00,10.1545,10.9859,341.86182
799,2025-11-03 13:00:00+00:00,10.1045,9.179999,331.9276
800,2025-11-03 14:00:00+00:00,10.804501,9.12513,337.98865
801,2025-11-03 15:00:00+00:00,12.4545,6.1569467,344.7448
802,2025-11-03 16:00:00+00:00,14.554501,3.01735,342.64587
803,2025-11-03 17:00:00+00:00,16.654501,1.659518,310.60123
804,2025-11-03 18:00:00+00:00,18.3045,1.484318,345.9637
805,2025-11-03 19:00:00+00:00,20.7045,3.4763772,338.74942
806,2025-11-03 20:00:00+00:00,21.8045,8.553314,351.52893
807,2025-11-03 21:00:00+00:00,21.9545,12.860871,6.4286604
808,2025-11-03 22:00:00+00:00,21.404501,13.976394,7.3995037
809,2025-11-03 23:00:00+00:00,20.7545,16.67795,353.18185
810,2025-11-04 00:00:00+00:00,19.0545,23.741585,342.80136
811,2025-11-04 01:00:00+00:00,16.8045,21.663654,8.601302
812,2025-11-04 02:00:00+00:00,15.1545,19.501568,350.97247
813,2025-11-04 03:00:00+00:00,14.0045,16.580532,339.00708
814,2025-11-04 04:00:00+00:00,13.054501,15.299999,331.9276
815,2025-11-04 05:00:00+00:00,11.9545,14.799459,341.56494
816,2025-11-04 06:00:00+00:00,10.7545,11.659777,351.11942
817,2025-11-04 07:00:00+00:00,10.4045,10.483357,344.05453
818,2025-11-04 08:00:00+00:00,10.1045,9.05205,342.64587
819,2025-11-04 09:00:00+00:00,9.7545,8.39078,337.28555
820,2025-11-04 10:00:00+00:00,9.304501,5.6835546,349.04596
821,2025-11-04 11:00:00+00:00,8.7045,5.6233797,39.805527
822,2025-11-04 12:00:00+00:00,8.6545,9.984729,33.97659
823,2025-11-04 13:00:00+00:00,8.1545,8.39078,22.714453
824,2025-11-04 14:00:00+00:00,8.9045,5.4656014,17.241547
825,2025-11-04 15:00:00+00:00,11.1045,3.1845248,42.709366
826,2025-11-04 16:00:00+00:00,13.6545,0.56920993,288.43503
827,2025-11-04 17:00:00+00:00,16.404501,1.3104197,285.94547
828,2025-11-04 18:00:00+00:00,18.404501,0.17999999,180.0
829,2025-11-04 19:00:00+00:00,20.8545,0.9,126.86999
830,2025-11-04 20:00:00+00:00,22.404501,0.54,180.0
831,2025-11-04 21:00:00+00:00,23.2045,1.8089776,275.7105
832,2025-11-04 22:00:00+00:00,23.404501,3.550155,300.46545
833,2025-11-04 23:00:00+00:00,22.3545,13.608762,322.52374
834,2025-11-05 00:00:00+00:00,20.2545,23.27296,331.8494
835,2025-11-05 01:00:00+00:00,17.9545,25.408068,346.06216
836,2025-11-05 02:00:00+00:00,16.5045,18.501513,340.68356
837,2025-11-05 03:00:00+00:00,14.9545,18.47698,324.91644
838,2025-11-05 04:00:00+00:00,14.0045,12.5807,326.08252
839,2025-11-05 05:00:00+00:00,13.4045,8.209263,322.12494
840,2025-11-05 06:00:00+00:00,12.9545,4.379589,350.53775
841,2025-11-05 07:00:00+00:00,12.9545,5.068846,343.49554
842,2025-11-05 08:00:00+00:00,12.6045,6.122647,358.31534
843,2025-11-05 09:00:00+00:00,12.304501,5.0816135,22.93213
844,2025-11-05 10:00:00+00:00,12.2545,4.965521,46.468742
845,2025-11-05 11:00:00+00:00,12.1045,4.327493,73.07241
846,2025-11-05 12:00:00+00:00,10.9045,4.5322843,96.84268
847,2025-11-05 13:00:00+00:00,10.7045,4.379589,99.46225
848,2025-11-05 14:00:00+00:00,11.054501,4.4274144,116.56499
849,2025-11-05 15:00:00+00:00,13.0045,3.745557,125.21768
850,2025-11-05 16:00:00+00:00,15.4545,2.4014995,167.00539
851,2025-11-05 17:00:00+00:00,18.404501,2.7416782,246.80138
852,2025-11-05 18:00:00+00:00,20.5545,2.6208394,285.94547
853,2025-11-05 19:00:00+00:00,22.8045,2.1749482,335.55606
854,2025-11-05 20:00:00+00:00,23.8045,4.14,360.0
855,2025-11-05 21:00:00+00:00,24.1045,8.32877,6.20336
856,2025-11-05 22:00:00+00:00,23.8545,11.866355,9.605136
857,2025-11-05 23:00:00+00:00,23.2045,13.466357,351.54504
858,2025-11-06 00:00:00+00:00,20.7045,26.115513,358.0251
859,2025-11-06 01:00:00+00:00,19.3045,22.734219,10.954029
860,2025-11-06 02:00:00+00:00,17.4545,19.686766,4.7200613
861,2025-11-06 03:00:00+00:00,16.4545,15.156386,344.148
862,2025-11-06 04:00:00+00:00,15.7045,13.324863,321.5819
863,2025-11-06 05:00:00+00:00,15.2045,11.854062,318.07755
864,2025-11-06 06:00:00+00:00,14.2545,10.094454,338.00882
865,2025-11-06 07:00:00+00:00,13.804501,8.856658,322.43134
866,2025-11-06 08:00:00+00:00,13.2045,4.1125174,336.8014
867,2025-11-06 09:00:00+00:00,12.4045,5.6233797,39.805527
868,2025-11-06 10:00:00+00:00,11.554501,6.8423676,35.362556
869,2025-11-06 11:00:00+00:00,10.8545,5.09435,32.005356
870,2025-11-06 12:00:00+00:00,9.8545,3.4949677,11.888645
871,2025-11-06 13:00:00+00:00,9.2045,3.01735,17.354122
872,2025-11-06 14:00:00+00:00,10.6045,2.9024127,352.87506
873,2025-11-06 15:00:00+00:00,13.304501,0.54,360.0
874,2025-11-06 16:00:00+00:00,15.9545,0.56920993,251.56496
875,2025-11-06 17:00:00+00:00,18.8545,1.7727944,246.0375
876,2025-11-06 18:00:00+00:00,21.2045,2.4014995,282.99463
877,2025-11-06 19:00:00+00:00,23.0545,2.36753,261.2539
878,2025-11-06 20:00:00+00:00,23.9545,3.0652895,266.6336
879,2025-11-06 21:00:00+00:00,24.404501,5.1826253,290.3232
880,2025-11-06 22:00:00+00:00,24.2545,8.404285,313.26434
881,2025-11-06 23:00:00+00:00,23.3545,12.659004,330.15417
882,2025-11-07 00:00:00+00:00,22.2045,15.606114,352.71112
883,2025-11-07 01:00:00+00:00,21.154501,14.348156,19.798973
884,2025-11-07 02:00:00+00:00,19.5045,12.081473,33.453342
885,2025-11-07 03:00:00+00:00,17.8045,16.520823,348.6901
886,2025-11-07 04:00:00+00:00,16.5545,16.641972,321.1466
887,2025-11-07 05:00:00+00:00,16.0045,11.808878,307.56866
